Asset1,Asset2,Asset3
0.03198778380850592,0.008619333551469915,0.006758454399937797
0.008619333551469915,0.04798636587436136,0.008277786907964005
0.006758454399937798,0.008277786907964005,0.02950293768801783
