weight1,weight2,weight3
0.3778263536983865,0.36330546329315794,0.25886818300845554
