Underlying,Strike,IV,TTM,RF,DivRate
107.66982257887379,102.31724998518705,0.2,142,0.045,0.05289860550852833
