RF,Expected_Value_1,Expected_Value_2,Expected_Value_3
0.045,0.10966427408727898,0.12420110868212716,0.10710191057769072
